"TM","WD","WSPD","WS_GST","VIS","RVR1","RVR2","RVR3","RVR4","WC","TMP","TD","PS","PA","RN","HM","CA_TOT","CLA_1LYR","BASE_1LYR","CLF_1LYR","CLA_2LYR","BASE_2LYR","CLF_2LYR","CLA_3LYR","BASE_3LYR","CLF_3LYR","CLA_4LYR","BASE_4LYR","CLF_4LYR"
"2020083124","14","13","","1000","","","","","21","250","210","10112","10104","0","79","6","5","40","6","6","70","4","","","","","",""
"2020090101","14","13","","1000","","","","","","259","200","10109","10101","","70","5","5","45","6","","","","","","","","",""
"2020090102","14","13","","1000","","","","","","254","198","10104","10096","","71","3","3","50","6","","","","","","","","",""
"2020090103","15","12","","1000","","","","","","248","193","10102","10094","","72","4","4","30","6","","","","","","","","",""
"2020090104","14","12","","1000","","","","","","248","188","10101","10093","","69","5","5","40","6","","","","","","","","",""
"2020090105","14","11","","1000","","","","","","247","183","10097","10089","","68","5","5","25","6","","","","","","","","",""
"2020090106","15","9","","1000","","","","","","245","178","10095","10087","","66","5","5","25","6","","","","","","","","",""
"2020090107","15","9","","1000","","","","","","247","174","10096","10088","","64","3","3","25","6","","","","","","","","",""
"2020090108","14","10","","1000","","","","","","252","180","10099","10091","","65","4","3","25","6","4","150","3","","","","","",""
"2020090109","15","14","","1000","","","","","","253","175","10102","10094","","62","5","4","25","6","5","150","3","","","","","",""
"2020090110","15","13","","1000","","","","","","258","177","10104","10096","","61","5","5","25","6","","","","","","","","",""
"2020090111","13","12","","1000","","","","","","260","177","10102","10094","","60","6","4","30","6","6","65","3","","","","","",""
"2020090112","14","12","","1000","","","","","","271","180","10094","10086","","57","5","3","30","6","5","70","3","","","","","",""
"2020090113","15","8","","1000","","","","","","280","187","10088","10080","","57","4","2","30","6","4","70","3","","","","","",""
"2020090114","18","8","","1000","","","","","","283","191","10084","10076","","57","4","4","70","3","","","","","","","","",""
"2020090115","22","4","","1000","","","","","","288","189","10078","10070","","55","4","1","30","6","4","70","3","","","","","",""
"2020090116","29","8","","1000","","","","","","287","202","10077","10069","","60","6","1","30","6","6","80","3","","","","","",""
"2020090117","29","7","","1000","","","","","","275","199","10079","10071","","63","7","1","45","6","7","80","3","","","","","",""
"2020090118","31","6","","1000","","","","","","276","204","10080","10072","","65","6","6","90","3","","","","","","","","",""
"2020090119","30","7","","1000","","","","","","259","203","10079","10071","","71","6","3","40","6","6","80","3","","","","","",""
"2020090120","33","6","","1000","","","","","","252","212","10079","10071","","","5","2","40","6","5","100","3","","","","","",""
"2020090121","34","7","","1000","","","","","","253","217","10080","10072","","81","5","5","100","3","","","","","","","","",""
"2020090122","35","5","","1000","","","","","61","256","217","10082","10074","0","79","8","5","40","6","8","70","4","","","","","",""
"2020090123","36","6","","1000","","","","","60","256","211","10078","10070","0","76","8","5","40","6","8","70","4","","","","","",""
"2020090124","7","3","","1000","","","","","21","257","213","10078","10070","0","77","8","5","40","6","8","70","4","","","","","",""
"2020090201","2","5","","1000","","","","","60","250","214","10075","10067","5","81","8","6","40","6","8","70","4","","","","","",""
"2020090202","7","5","","1000","","","","","60","248","212","10070","10062","0","80","8","6","40","6","8","70","4","","","","","",""
"2020090203","4","8","","1000","","","","","60","246","208","10068","10060","0","79","8","6","40","6","8","70","4","","","","","",""
"2020090204","5","8","","1000","","","","","61","243","207","10066","10058","0","81","8","6","40","6","8","80","4","","","","","",""
"2020090205","5","9","","800","","","","","61","242","211","10063","10055","5","83","8","6","40","6","8","80","4","","","","","",""
"2020090206","5","10","","1000","","","","","21","242","212","10061","10053","0","84","8","5","40","6","8","150","4","","","","","",""
"2020090207","6","7","","1000","","","","","","243","212","10065","10057","","83","8","5","45","6","8","110","4","","","","","",""
"2020090208","5","6","","800","","","","","61","246","215","10065","10057","0","83","8","5","45","6","8","70","4","","","","","",""
"2020090209","5","6","","700","","","","","61","248","218","10065","10057","5","84","8","5","45","6","8","70","4","","","","","",""
"2020090210","4","6","","700","","","","","61","246","218","10065","10057","0","85","8","5","40","6","8","70","4","","","","","",""
"2020090211","5","7","","600","","","","","61","247","220","10060","10052","5","85","8","5","40","6","8","70","4","","","","","",""
"2020090212","5","9","","700","","","","","61","252","221","10054","10046","0","83","8","5","30","6","8","70","4","","","","","",""
"2020090213","4","10","","900","","","","","61","253","221","10048","10040","0","82","8","1","12","7","5","30","6","8","70","4","","",""
"2020090214","5","8","","1000","","","","","61","252","216","10041","10033","5","81","8","1","10","7","5","30","6","8","80","4","","",""
"2020090215","5","9","","900","","","","","61","246","212","10034","10026","5","82","8","2","12","7","5","30","6","8","70","5","","",""
"2020090216","4","12","","1000","","","","","61","246","215","10023","10015","0","83","8","1","10","7","5","30","6","8","70","5","","",""
"2020090217","3","13","","1000","","","","","61","246","213","10018","10010","5","82","8","1","11","7","5","30","6","8","70","5","","",""
"2020090218","5","15","","400","","","","","61","239","209","10022","10014","5","83","8","2","10","7","5","30","6","8","70","5","","",""
"2020090219","4","12","","600","","","","","65","234","209","10013","10005","130","86","8","3","10","7","5","30","6","8","70","5","","",""
"2020090220","3","13","","700","","","","","63","230","205","10009","10001","60","86","8","3","9","7","5","30","6","8","70","5","","",""
"2020090221","2","12","","700","","","","","61","227","200","10002","9994","20","85","8","2","10","7","5","30","6","8","70","5","","",""
"2020090222","2","16","","400","","","","","63","226","198","9988","9980","55","84","8","3","10","7","6","30","6","8","70","5","","",""
"2020090223","36","17","","400","","","","","63","225","194","9970","9962","55","83","8","3","10","7","6","30","6","8","70","5","","",""
"2020090224","35","15","","200","","","","","65","220","195","9956","9948","145","86","8","5","10","7","6","25","6","8","60","5","","",""
"2020090301","35","19","","300","","","","","63","218","192","9936","9928","80","85","8","4","10","7","6","25","6","8","60","5","","",""
"2020090302","35","23","","200","","","","","65","214","188","9917","9909","125","85","8","5","10","7","6","25","6","8","60","5","","",""
"2020090303","34","23","","200","","","","","63","211","185","9907","9899","70","85","8","4","9","7","6","25","6","8","60","5","","",""
"2020090304","34","24","","180","","","","","63","208","182","9900","9892","90","85","8","4","8","7","6","25","6","8","60","5","","",""
"2020090305","33","29","","110","130","200","130","","63","207","181","9891","9883","65","85","8","4","8","7","6","25","6","8","60","5","","",""
"2020090306","32","28","39","40","75","200","90","","65","202","178","9892","9884","110","86","8","5","8","7","6","20","6","8","60","5","","",""
"2020090307","33","30","","60","80","200","80","","63","204","179","9899","9891","45","86","8","5","8","7","6","20","6","8","60","5","","",""
"2020090308","34","29","","400","","","","","63","213","166","9898","9890","40","75","8","3","10","7","6","25","6","8","100","4","","",""
"2020090309","28","20","","800","","","","","61","223","170","9926","9918","0","72","7","2","10","7","6","25","6","7","100","4","","",""
"2020090310","28","24","","1000","","","","","21","234","165","9948","9940","0","65","7","2","10","7","6","25","6","7","100","4","","",""
"2020090311","28","25","","1000","","","","","","250","165","9962","9954","","59","5","2","10","7","4","25","6","5","100","4","","",""
"2020090312","27","24","","1000","","","","","","246","163","9970","9962","","60","5","2","10","7","4","25","6","5","100","3","","",""
"2020090313","25","22","","1000","","","","","","256","174","9981","9973","","61","5","3","25","6","5","100","3","","","","","",""
"2020090314","25","22","","1000","","","","","","257","171","9992","9984","","59","3","3","30","6","","","","","","","","",""
"2020090315","25","21","","1000","","","","","","251","178","10003","9995","","64","3","3","25","6","","","","","","","","",""
"2020090316","24","17","","1000","","","","","","252","182","10010","10002","","65","3","3","25","6","","","","","","","","",""
"2020090317","24","18","","1000","","","","","","246","181","10019","10011","","67","4","4","25","6","","","","","","","","",""
"2020090318","25","14","","1000","","","","","","246","175","10030","10022","","65","4","4","25","6","","","","","","","","",""
"2020090319","25","13","","1000","","","","","","241","171","10042","10034","","65","4","3","25","6","4","70","3","","","","","",""
"2020090320","23","12","","1000","","","","","60","225","184","10054","10046","0","78","6","5","25","6","6","80","4","","","","","",""
"2020090321","23","13","","1000","","","","","21","229","181","10064","10056","0","75","6","5","20","6","6","80","4","","","","","",""
"2020090322","24","16","37","400","","","","","63","197","168","10073","10065","70","83","6","5","20","6","6","80","4","","","","","",""
"2020090323","15","8","","1000","","","","","21","191","159","10070","10062","5","82","5","1","30","6","5","100","3","","","","","",""
"2020090324","20","7","","1000","","","","","","207","160","10073","10065","","74","3","1","30","6","3","130","3","","","","","",""
"2020090401","20","9","","1000","","","","","","210","161","10075","10067","","73","3","1","30","6","3","130","3","","","","","",""
"2020090402","20","9","","1000","","","","","","210","160","10080","10072","","73","2","2","40","6","","","","","","","","",""
"2020090403","22","14","","1000","","","","","","219","142","10087","10079","","62","0","","","","","","","","","","","",""
"2020090404","24","18","","1000","","","","","60","218","135","10087","10079","5","59","4","4","40","6","","","","","","","","",""
"2020090405","23","12","","1000","","","","","21","216","113","10090","10082","0","52","2","2","45","6","","","","","","","","",""
"2020090406","22","14","","1000","","","","","","217","122","10094","10086","","55","0","","","","","","","","","","","",""
"2020090407","24","10","23","1000","","","","","","222","129","10104","10096","","56","0","","","","","","","","","","","",""
"2020090408","22","10","","1000","","","","","","228","140","10111","10103","","58","1","1","30","8","","","","","","","","",""
"2020090409","22","11","","1000","","","","","","236","140","10118","10110","","55","2","2","30","8","","","","","","","","",""
"2020090410","22","11","","1000","","","","","","246","147","10124","10116","","54","3","3","30","8","","","","","","","","",""
"2020090411","22","10","","1000","","","","","","250","138","10127","10119","","50","2","2","30","8","","","","","","","","",""
"2020090412","24","9","","1000","","","","","","253","124","10127","10119","","45","2","2","30","8","","","","","","","","",""
"2020090413","22","9","","1000","","","","","","254","144","10129","10121","","51","2","2","30","8","","","","","","","","",""
"2020090414","22","9","","1000","","","","","","255","128","10128","10120","","45","2","2","30","8","","","","","","","","",""
"2020090415","22","9","","1000","","","","","","259","139","10121","10113","","48","2","2","30","8","","","","","","","","",""
"2020090416","22","9","","1000","","","","","","258","118","10121","10113","","42","1","1","30","8","","","","","","","","",""
"2020090417","22","9","","1000","","","","","","260","82","10122","10114","","32","1","1","30","6","","","","","","","","",""
"2020090418","23","9","","1000","","","","","","248","106","10123","10115","","41","1","1","30","6","","","","","","","","",""
"2020090419","22","5","","1000","","","","","","236","113","10125","10117","","46","1","1","30","6","","","","","","","","",""
"2020090420","18","2","","1000","","","","","","234","109","10131","10123","","45","0","","","","","","","","","","","",""
"2020090421","10","2","","1000","","","","","","218","129","10135","10127","","57","0","","","","","","","","","","","",""
"2020090422","6","1","","1000","","","","","","215","138","10135","10127","","62","2","2","70","3","","","","","","","","",""
"2020090423","6","4","","1000","","","","","","218","138","10139","10131","","60","2","2","150","3","","","","","","","","",""
"2020090424","10","4","","1000","","","","","","220","150","10138","10130","","65","2","2","150","3","","","","","","","","",""
"2020090501","6","3","","1000","","","","","","220","163","10136","10128","","70","2","2","150","3","","","","","","","","",""
"2020090502","14","5","","1000","","","","","","218","172","10134","10126","","75","1","1","150","3","","","","","","","","",""
"2020090503","12","4","","900","","","","","10","211","165","10132","10124","","75","0","","","","","","","","","","","",""
"2020090504","9","5","","900","","","","","10","209","161","10132","10124","","74","0","","","","","","","","","","","",""
"2020090505","5","4","","1000","","","","","","208","159","10132","10124","","74","0","","","","","","","","","","","",""
"2020090506","6","4","","900","","","","","10","210","158","10134","10126","","72","2","2","200","0","","","","","","","","",""
"2020090507","6","4","","1000","","","","","","202","163","10142","10134","","78","4","1","40","6","4","190","0","","","","","",""
"2020090508","6","5","","1000","","","","","","215","163","10140","10132","","72","6","6","190","0","","","","","","","","",""
"2020090509","6","4","","1000","","","","","","232","154","10144","10136","","61","7","7","180","0","","","","","","","","",""
"2020090510","2","3","","1000","","","","","","240","153","10147","10139","","58","8","8","200","2","","","","","","","","",""
"2020090511","15","5","","1000","","","","","","256","157","10147","10139","","54","8","8","200","2","","","","","","","","",""
"2020090512","15","9","","1000","","","","","","252","163","10139","10131","","58","6","6","200","0","","","","","","","","",""
"2020090513","16","6","","1000","","","","","","254","167","10136","10128","","59","7","3","110","3","7","200","0","","","","","",""
"2020090514","14","7","","1000","","","","","","261","158","10129","10121","","53","8","3","110","3","8","200","2","","","","","",""
"2020090515","11","6","","1000","","","","","","271","167","10121","10113","","53","4","3","120","3","4","200","2","","","","","",""
"2020090516","15","6","","1000","","","","","","264","165","10120","10112","","55","6","6","200","0","","","","","","","","",""
"2020090517","15","9","","1000","","","","","","260","160","10120","10112","","54","5","5","200","0","","","","","","","","",""
"2020090518","15","9","","1000","","","","","","256","161","10119","10111","","56","6","6","200","0","","","","","","","","",""
"2020090519","15","11","","1000","","","","","","246","162","10117","10109","","60","7","7","200","0","","","","","","","","",""
"2020090520","15","11","","1000","","","","","","242","142","10121","10113","","54","7","7","200","0","","","","","","","","",""
"2020090521","14","9","","1000","","","","","","227","155","10127","10119","","64","7","7","200","0","","","","","","","","",""
"2020090522","14","8","","1000","","","","","","230","136","10127","10119","","56","7","7","200","2","","","","","","","","",""
"2020090523","15","8","","1000","","","","","","222","147","10126","10118","","62","6","6","200","2","","","","","","","","",""
"2020090524","13","5","","1000","","","","","","225","142","10125","10117","","60","6","6","200","2","","","","","","","","",""
"2020090601","12","4","","1000","","","","","","211","148","10127","10119","","67","7","7","200","2","","","","","","","","",""
"2020090602","12","3","","1000","","","","","","218","147","10126","10118","","64","7","7","200","2","","","","","","","","",""
"2020090603","12","4","","1000","","","","","","216","140","10120","10112","","62","6","6","200","2","","","","","","","","",""
"2020090604","9","2","","1000","","","","","","209","143","10115","10107","","66","7","7","200","2","","","","","","","","",""
"2020090605","6","4","","1000","","","","","","210","156","10111","10103","","71","6","6","200","2","","","","","","","","",""
"2020090606","4","4","","1000","","","","","","204","151","10112","10104","","72","7","7","200","2","","","","","","","","",""
"2020090607","7","3","","1000","","","","","","207","165","10115","10107","","77","7","7","200","2","","","","","","","","",""
"2020090608","4","8","","900","","","","","10","213","171","10113","10105","","77","8","8","200","2","","","","","","","","",""
"2020090609","5","8","","1000","","","","","","214","166","10117","10109","","74","8","8","200","2","","","","","","","","",""
"2020090610","5","8","","1000","","","","","","221","168","10115","10107","","72","8","8","200","2","","","","","","","","",""
"2020090611","3","8","","1000","","","","","","221","163","10106","10098","","70","8","2","120","3","8","200","2","","","","","",""
"2020090612","5","10","","1000","","","","","61","225","162","10099","10091","0","68","8","1","45","6","5","90","4","8","180","2","","",""
"2020090613","5","8","","1000","","","","","61","227","166","10097","10089","0","68","7","1","45","6","7","90","4","","","","","",""
"2020090614","7","10","","1000","","","","","61","220","166","10091","10083","0","71","7","2","35","6","7","90","4","","","","","",""
"2020090615","5","9","","1000","","","","","61","225","158","10083","10075","0","66","7","1","35","6","5","90","4","7","200","2","","",""
"2020090616","4","12","","1000","","","","","21","226","158","10076","10068","0","65","7","1","35","6","5","120","3","7","200","2","","",""
"2020090617","5","11","","1000","","","","","60","227","159","10076","10068","0","66","7","1","35","6","7","100","4","","","","","",""
"2020090618","5","10","","1000","","","","","60","230","158","10071","10063","0","64","7","3","40","6","7","100","4","","","","","",""
"2020090619","6","9","","1000","","","","","21","228","157","10067","10059","0","64","5","2","40","6","5","120","4","","","","","",""
"2020090620","6","8","","1000","","","","","61","219","168","10067","10059","0","73","7","3","40","6","7","90","4","","","","","",""
"2020090621","6","8","","1000","","","","","61","213","167","10065","10057","0","75","7","3","40","6","7","100","4","","","","","",""
"2020090622","5","12","","1000","","","","","61","204","170","10055","10047","5","81","8","3","40","6","8","100","4","","","","","",""
"2020090623","5","11","","1000","","","","","61","196","166","10052","10044","0","83","8","3","13","7","8","100","4","","","","","",""
"2020090624","5","14","","700","","","","","61","191","164","10041","10033","10","85","8","3","10","7","8","80","4","","","","","",""
"2020090701","4","15","","700","","","","","63","187","161","10028","10020","25","85","8","3","9","7","4","30","6","8","80","5","","",""
"2020090702","4","18","","1000","","","","","61","186","159","10014","10006","5","84","8","4","9","7","6","30","6","8","70","5","","",""
"2020090703","3","19","","1000","","","","","61","184","156","10006","9998","15","84","8","3","10","7","5","30","6","8","80","5","","",""
"2020090704","3","18","","700","","","","","63","184","155","9993","9985","35","83","8","3","9","7","5","25","6","8","70","5","","",""
"2020090705","2","25","37","600","","","","","63","183","146","9975","9967","40","79","8","3","10","7","5","25","6","8","60","5","","",""
"2020090706","3","17","","1000","","","","","61","182","147","9967","9959","5","80","8","3","16","7","5","25","6","8","70","5","","",""
"2020090707","2","19","","1000","","","","","61","185","146","9953","9945","0","78","8","2","16","7","5","30","6","8","100","4","","",""
"2020090708","1","21","","700","","","","","63","184","141","9945","9937","25","76","8","3","16","7","5","30","6","8","80","5","","",""
"2020090709","36","19","","350","","","","","65","177","146","9938","9930","110","82","8","3","12","7","6","25","6","8","70","5","","",""
"2020090710","36","20","","350","","","","","65","180","148","9927","9919","105","82","8","4","12","7","6","25","6","8","70","5","","",""
"2020090711","34","26","","180","","","","","65","181","156","9896","9888","145","85","8","4","10","7","6","25","6","8","60","5","","",""
"2020090712","34","26","","180","80","200","200","","63","187","161","9878","9870","85","85","8","4","10","7","6","25","6","8","60","5","","",""
"2020090713","34","25","","450","","","","","61","199","169","9871","9863","20","83","8","4","10","7","6","30","6","8","60","5","","",""
"2020090714","32","23","","380","","","","","61","199","171","9873","9865","15","84","8","4","8","7","6","30","6","8","60","5","","",""
"2020090715","31","25","36","140","70","200","100","","61","204","176","9877","9869","20","84","8","4","6","7","6","20","6","8","60","5","","",""
"2020090716","30","26","","250","90","200","190","","61","206","179","9888","9880","15","84","8","4","7","7","6","20","6","8","60","5","","",""
"2020090717","30","21","","450","","","","","61","208","179","9900","9892","5","84","8","4","10","7","6","30","6","8","60","5","","",""
"2020090718","29","21","","700","","","","","61","211","177","9912","9904","0","81","8","4","11","7","6","30","6","8","60","5","","",""
"2020090719","27","25","","500","","","","","61","206","176","9924","9916","15","83","8","4","8","7","6","30","6","8","60","5","","",""
"2020090720","28","26","","500","","","","","61","208","177","9938","9930","20","82","8","4","12","7","6","30","6","8","60","5","","",""
"2020090721","28","29","","500","","","","","61","209","176","9954","9946","5","82","8","4","9","7","6","30","6","8","60","5","","",""
"2020090722","27","23","","1000","","","","","61","215","169","9969","9961","10","75","8","3","15","7","6","25","6","8","60","5","","",""
"2020090723","27","27","","1000","","","","","21","223","158","9985","9977","0","67","7","5","25","6","7","70","3","","","","","",""
"2020090724","28","24","","1000","","","","","","221","156","9997","9989","","67","7","5","30","6","7","70","3","","","","","",""
"2020090801","28","24","","1000","","","","","","215","155","10006","9998","","69","5","4","30","6","5","70","3","","","","","",""
"2020090802","26","22","","1000","","","","","","216","149","10017","10009","","66","6","4","30","6","6","70","3","","","","","",""
"2020090803","26","23","","1000","","","","","","215","144","10029","10021","","64","4","2","30","6","4","150","3","","","","","",""
"2020090804","27","21","32","1000","","","","","","215","146","10043","10035","","65","5","4","30","6","5","160","0","","","","","",""
"2020090805","25","15","","1000","","","","","","219","151","10050","10042","","65","5","5","40","6","","","","","","","","",""
"2020090806","23","21","","1000","","","","","","228","150","10054","10046","","62","5","3","40","6","5","70","3","","","","","",""
"2020090807","28","25","","1000","","","","","21","221","139","10069","10061","0","60","2","2","20","8","","","","","","","","",""
"2020090808","28","21","","1000","","","","","","228","148","10076","10068","","61","1","1","25","6","","","","","","","","",""
"2020090809","29","17","","1000","","","","","","238","159","10082","10074","","61","1","1","30","6","","","","","","","","",""
"2020090810","28","16","","1000","","","","","","242","152","10091","10083","","57","3","1","30","6","3","150","3","","","","","",""
"2020090811","27","13","","1000","","","","","","249","145","10094","10086","","53","3","2","25","6","3","150","3","","","","","",""
"2020090812","27","12","","1000","","","","","","255","143","10097","10089","","50","3","1","25","6","3","120","3","","","","","",""
"2020090813","25","13","","1000","","","","","","256","135","10098","10090","","47","3","1","25","6","3","120","3","","","","","",""
"2020090814","25","11","","1000","","","","","","256","137","10099","10091","","48","4","1","25","6","4","110","3","","","","","",""
"2020090815","23","13","","1000","","","","","","259","134","10098","10090","","46","3","1","25","6","3","150","3","","","","","",""
"2020090816","24","12","","1000","","","","","","256","169","10100","10092","","59","3","1","25","6","3","150","3","","","","","",""
"2020090817","23","14","","1000","","","","","","248","172","10103","10095","","63","2","2","25","6","","","","","","","","",""
"2020090818","25","10","","1000","","","","","","238","182","10104","10096","","71","2","2","20","6","","","","","","","","",""
"2020090819","23","8","","1000","","","","","","230","187","10108","10100","","77","3","1","20","6","3","150","3","","","","","",""
"2020090820","22","7","","1000","","","","","","232","184","10114","10106","","75","4","1","40","6","4","100","3","","","","","",""
"2020090821","21","7","","1000","","","","","","228","182","10118","10110","","75","3","2","40","6","3","100","3","","","","","",""
"2020090822","21","8","","1000","","","","","","225","184","10119","10111","","78","3","1","40","6","3","130","3","","","","","",""
"2020090823","22","9","","1000","","","","","","224","187","10119","10111","","79","3","1","10","7","3","130","3","","","","","",""
"2020090824","23","6","","1000","","","","","60","225","184","10117","10109","0","78","8","2","10","7","8","100","4","","","","","",""
"2020090901","21","8","","700","","","","","61","223","188","10118","10110","0","81","8","3","10","7","8","80","4","","","","","",""
"2020090902","21","8","","1000","","","","","60","206","163","10113","10105","5","76","8","3","40","6","8","80","4","","","","","",""
"2020090903","22","7","","1000","","","","","21","211","163","10110","10102","0","74","7","3","50","6","7","100","3","","","","","",""
"2020090904","23","8","","1000","","","","","","215","164","10108","10100","","73","7","7","100","3","","","","","","","","",""
"2020090905","21","6","","1000","","","","","","218","169","10110","10102","","74","5","1","19","7","3","50","6","5","100","3","","",""
"2020090906","17","6","","1000","","","","","","214","172","10110","10102","","77","7","1","17","7","5","40","6","7","100","3","","",""
"2020090907","18","6","","1000","","","","","","215","176","10109","10101","","79","6","1","10","8","4","13","7","6","50","6","","",""
"2020090908","18","6","","900","","","","","10","224","180","10109","10101","","76","5","1","8","7","3","10","8","5","100","3","","",""
"2020090909","18","9","","1000","","","","","","231","179","10111","10103","","72","5","1","10","7","3","20","8","5","100","3","","",""
"2020090910","20","9","","1000","","","","","","239","175","10109","10101","","67","5","1","14","7","5","20","8","","","","","",""
"2020090911","20","10","","1000","","","","","","237","176","10103","10095","","69","5","2","20","8","5","30","6","","","","","",""
"2020090912","21","10","","1000","","","","","","237","170","10097","10089","","66","6","6","25","6","","","","","","","","",""
"2020090913","25","9","","1000","","","","","","236","174","10092","10084","","68","6","4","18","8","6","30","6","","","","","",""
"2020090914","31","15","","1000","","","","","","198","150","10093","10085","","74","8","5","22","8","8","90","4","","","","","",""
"2020090915","1","5","","1000","","","","","21","201","140","10079","10071","20","68","7","3","20","9","5","30","6","7","100","3","","",""
"2020090916","28","4","","1000","","","","","","197","145","10079","10071","","72","7","5","30","6","7","100","3","","","","","",""
"2020090917","18","8","","900","","","","","95","197","164","10075","10067","15","81","7","1","10","7","2","15","9","5","25","6","7","70","5"
"2020090918","17","7","","1000","","","","","21","205","156","10076","10068","0","74","6","4","30","6","6","100","3","","","","","",""
"2020090919","16","5","","1000","","","","","","204","156","10077","10069","","74","5","3","30","6","5","110","3","","","","","",""
"2020090920","17","3","","1000","","","","","","202","159","10082","10074","","76","5","3","30","6","5","130","3","","","","","",""
"2020090921","11","3","","1000","","","","","","205","166","10083","10075","","78","6","2","13","7","3","30","6","6","140","3","","",""
"2020090922","11","4","","1000","","","","","","206","168","10083","10075","","79","7","3","13","7","5","30","6","7","140","3","","",""
"2020090923","16","4","","1000","","","","","","213","178","10079","10071","","81","7","3","10","7","5","30","6","7","110","4","","",""
"2020090924","21","6","","1000","","","","","","218","183","10077","10069","","81","7","3","12","7","5","30","6","7","110","4","","",""
"2020091001","16","9","","600","","","","","10","209","179","10075","10067","","83","7","3","8","7","5","30","6","7","110","4","","",""
"2020091002","18","8","","600","","","","","10","212","181","10073","10065","","83","7","3","9","7","5","30","6","7","110","4","","",""
"2020091003","23","6","","800","","","","","10","217","181","10074","10066","","80","5","2","11","7","5","25","6","","","","","",""
"2020091004","24","6","","700","","","","","10","218","182","10071","10063","","80","7","2","12","7","5","25","6","7","110","4","","",""
"2020091005","7","6","","500","","","","","80","200","165","10072","10064","0","81","8","3","10","7","5","25","6","8","100","4","","",""
"2020091006","6","3","","600","","","","","10","193","161","10077","10069","0","82","4","2","25","6","4","140","3","","","","","",""
"2020091007","12","5","","700","","","","","10","202","165","10078","10070","","79","1","1","110","3","","","","","","","","",""
"2020091008","13","5","","450","","","","","10","217","178","10078","10070","","79","1","1","110","3","","","","","","","","",""
"2020091009","16","6","","600","","","","","10","233","181","10081","10073","","73","3","1","12","7","3","40","6","","","","","",""
"2020091010","16","7","","700","","","","","10","237","179","10085","10077","","70","4","1","15","7","3","40","6","4","200","0","","",""
"2020091011","17","5","","900","","","","","10","242","174","10086","10078","","66","5","1","20","8","3","40","6","5","190","0","","",""
"2020091012","21","5","","1000","","","","","","246","173","10083","10075","","64","5","1","20","8","3","40","6","5","190","0","","",""
"2020091013","19","8","","1000","","","","","","252","153","10081","10073","","54","4","1","25","8","3","100","3","4","190","0","","",""
"2020091014","22","10","","1000","","","","","","258","159","10082","10074","","54","4","1","25","8","3","140","3","4","180","0","","",""
"2020091015","23","11","","1000","","","","","","249","175","10084","10076","","63","5","2","25","8","3","140","3","5","180","0","","",""
"2020091016","23","7","","1000","","","","","","249","175","10083","10075","","64","3","1","25","8","3","180","0","","","","","",""
"2020091017","22","7","","1000","","","","","","249","174","10086","10078","","63","3","1","25","8","3","190","0","","","","","",""
"2020091018","25","8","","1000","","","","","","233","177","10091","10083","","71","2","2","30","6","","","","","","","","",""
"2020091019","26","5","","900","","","","","10","226","181","10092","10084","","76","4","2","25","6","3","140","3","4","200","0","","",""
"2020091020","28","3","","800","","","","","10","226","183","10098","10090","","77","6","1","15","7","4","120","3","6","190","0","","",""
"2020091021","22","3","","700","","","","","10","224","182","10103","10095","","77","7","3","25","6","5","110","3","7","190","0","","",""
"2020091022","26","1","","600","","","","","10","225","183","10106","10098","","77","7","1","10","7","3","25","6","7","160","0","","",""
"2020091023","7","4","","450","","","","","10","220","186","10108","10100","","81","7","1","15","7","7","180","0","","","","","",""
"2020091024","6","4","","400","","","","","10","217","183","10113","10105","","81","7","2","25","6","7","180","0","","","","","",""
"2020091101","6","4","","400","","","","","10","218","182","10116","10108","","80","7","2","25","6","7","180","0","","","","","",""
"2020091102","6","5","","400","","","","","10","216","175","10116","10108","","77","6","1","25","6","6","180","0","","","","","",""
"2020091103","6","4","","500","","","","","10","207","170","10117","10109","","80","3","1","25","6","3","200","0","","","","","",""
"2020091104","4","5","","450","","","","","10","204","169","10119","10111","","80","5","1","25","6","5","180","0","","","","","",""
"2020091105","6","4","","400","","","","","10","206","167","10120","10112","","78","7","1","25","6","7","160","0","","","","","",""
"2020091106","6","5","","500","","","","","10","206","166","10120","10112","","78","5","5","160","0","","","","","","","","",""
"2020091107","5","3","","600","","","","","10","212","167","10126","10118","","76","4","3","160","3","4","200","0","","","","","",""
"2020091108","6","6","","700","","","","","10","210","169","10130","10122","","77","4","3","130","3","4","180","0","","","","","",""
"2020091109","7","5","","800","","","","","10","230","165","10133","10125","","67","5","3","130","3","5","180","0","","","","","",""
"2020091110","4","6","","1000","","","","","","253","151","10136","10128","","53","6","4","130","3","6","180","0","","","","","",""
"2020091111","4","8","","1000","","","","","","264","152","10140","10132","","50","7","5","130","3","7","180","0","","","","","",""
"2020091112","7","7","","1000","","","","","","260","152","10140","10132","","52","8","6","130","3","8","180","0","","","","","",""
"2020091113","16","9","","1000","","","","","","257","156","10139","10131","","54","8","4","50","6","8","130","4","","","","","",""
"2020091114","14","12","","1000","","","","","","258","146","10138","10130","","50","8","4","45","6","8","100","4","","","","","",""
"2020091115","15","13","","1000","","","","","61","225","165","10141","10133","0","69","8","4","40","6","8","90","4","","","","","",""
"2020091116","7","5","","1000","","","","","61","227","153","10147","10139","5","63","8","4","40","6","8","90","4","","","","","",""
"2020091117","6","4","","1000","","","","","61","222","154","10147","10139","5","65","8","4","40","6","8","90","4","","","","","",""
"2020091118","4","5","","1000","","","","","60","219","162","10147","10139","0","70","8","4","45","6","8","100","4","","","","","",""
"2020091119","5","7","","1000","","","","","21","212","164","10153","10145","0","74","8","2","45","6","8","100","4","","","","","",""
"2020091120","3","7","","1000","","","","","","214","167","10156","10148","","74","8","2","50","6","8","100","4","","","","","",""
"2020091121","5","10","","1000","","","","","","210","162","10157","10149","","74","8","8","90","4","","","","","","","","",""
"2020091122","5","10","","1000","","","","","","209","162","10157","10149","","74","8","8","100","4","","","","","","","","",""
"2020091123","6","5","","1000","","","","","60","217","130","10159","10151","0","58","8","8","90","4","","","","","","","","",""
"2020091124","7","8","","700","","","","","61","208","133","10162","10154","0","62","8","5","25","6","8","80","5","","","","","",""
"2020091201","9","8","","700","","","","","61","198","142","10162","10154","0","70","8","5","25","6","8","80","5","","","","","",""
"2020091202","9","6","","700","","","","","63","184","147","10163","10155","30","79","8","5","25","6","8","80","5","","","","","",""
"2020091203","6","1","","800","","","","","63","184","148","10163","10155","35","80","8","1","17","7","5","30","6","8","80","5","","",""
"2020091204","4","4","","900","","","","","61","184","150","10163","10155","5","81","8","1","18","7","5","30","6","8","80","5","","",""
"2020091205","3","5","","900","","","","","61","181","154","10161","10153","5","84","8","5","30","6","8","80","5","","","","","",""
"2020091206","3","5","","800","","","","","61","180","151","10162","10154","5","83","8","5","30","6","8","80","5","","","","","",""
"2020091207","2","5","","800","","","","","61","181","153","10161","10153","10","84","8","5","30","6","8","80","5","","","","","",""
"2020091208","3","9","","900","","","","","61","184","153","10160","10152","5","82","8","5","30","6","8","80","5","","","","","",""
"2020091209","4","8","","900","","","","","61","188","158","10164","10156","5","83","8","5","30","6","8","80","5","","","","","",""
"2020091210","4","8","","1000","","","","","61","196","163","10166","10158","0","81","8","5","30","6","8","80","4","","","","","",""
"2020091211","3","7","","1000","","","","","61","200","165","10165","10157","0","80","8","5","30","6","8","90","4","","","","","",""
"2020091212","2","5","","1000","","","","","61","201","164","10165","10157","0","79","8","4","40","6","8","70","4","","","","","",""
"2020091213","35","7","","1000","","","","","61","204","161","10161","10153","10","76","8","4","40","6","8","60","5","","","","","",""
"2020091214","33","8","","1000","","","","","60","208","169","10152","10144","0","78","8","1","10","7","5","40","6","8","70","4","","",""
"2020091215","35","6","","1000","","","","","60","213","167","10151","10143","0","75","8","1","15","7","5","30","6","8","80","4","","",""
"2020091216","1","6","","1000","","","","","60","225","177","10149","10141","0","74","7","1","15","7","4","30","6","7","80","4","","",""
"2020091217","2","6","","1000","","","","","21","219","172","10152","10144","0","75","7","1","16","7","5","25","6","7","80","3","","",""
"2020091218","3","5","","1000","","","","","60","210","171","10156","10148","0","78","8","6","30","6","8","70","4","","","","","",""
"2020091219","5","7","","1000","","","","","60","199","161","10159","10151","0","79","7","5","40","6","7","80","4","","","","","",""
"2020091220","2","4","","1000","","","","","21","202","168","10167","10159","0","81","7","2","40","6","7","70","4","","","","","",""
"2020091221","4","11","","1000","","","","","","199","144","10171","10163","","71","5","1","40","6","5","100","3","","","","","",""
"2020091222","4","12","","1000","","","","","","192","136","10172","10164","","70","5","1","40","6","5","110","3","","","","","",""
"2020091223","4","10","","1000","","","","","","187","135","10170","10162","","72","4","1","40","6","4","100","3","","","","","",""
"2020091224","3","8","","1000","","","","","","185","132","10170","10162","","71","4","1","40","6","4","100","3","","","","","",""
"2020091301","3","9","","1000","","","","","","186","132","10170","10162","","71","4","1","40","6","4","120","3","","","","","",""
"2020091302","3","11","","1000","","","","","","188","129","10171","10163","","68","6","1","40","6","4","100","3","6","180","0","","",""
"2020091303","4","12","","1000","","","","","","185","125","10169","10161","","68","7","1","40","6","4","100","3","7","180","0","","",""
"2020091304","4","14","","1000","","","","","","179","122","10167","10159","","69","5","3","110","3","5","180","0","","","","","",""
"2020091305","4","13","","1000","","","","","","177","121","10168","10160","","70","3","2","100","3","3","180","0","","","","","",""
"2020091306","5","9","","1000","","","","","","173","119","10170","10162","","71","2","2","100","3","","","","","","","","",""
"2020091307","4","10","","1000","","","","","","173","121","10172","10164","","72","1","1","100","3","","","","","","","","",""
"2020091308","5","12","","1000","","","","","","186","123","10170","10162","","67","0","","","","","","","","","","","",""
"2020091309","4","9","","1000","","","","","","200","123","10171","10163","","61","0","","","","","","","","","","","",""
"2020091310","4","8","","1000","","","","","","214","130","10172","10164","","59","0","","","","","","","","","","","",""
"2020091311","3","7","","1000","","","","","","221","125","10165","10157","","55","0","","","","","","","","","","","",""
"2020091312","3","5","","1000","","","","","","234","120","10159","10151","","49","1","1","30","6","","","","","","","","",""
"2020091313","33","4","","1000","","","","","","239","124","10155","10147","","49","1","1","30","6","","","","","","","","",""
"2020091314","31","7","","1000","","","","","","237","134","10151","10143","","53","1","1","30","6","","","","","","","","",""
"2020091315","30","7","","1000","","","","","","242","148","10146","10138","","56","1","1","30","6","","","","","","","","",""
"2020091316","28","9","","1000","","","","","","245","141","10145","10137","","52","1","1","30","6","","","","","","","","",""
"2020091317","29","8","","1000","","","","","","240","136","10145","10137","","52","1","1","30","6","","","","","","","","",""
"2020091318","29","9","","1000","","","","","","230","147","10145","10137","","60","1","1","30","6","","","","","","","","",""
"2020091319","29","9","","1000","","","","","","220","147","10150","10142","","63","1","1","30","6","","","","","","","","",""
"2020091320","30","10","","1000","","","","","","219","146","10153","10145","","63","0","","","","","","","","","","","",""
"2020091321","28","10","","1000","","","","","","215","149","10155","10147","","66","2","2","40","6","","","","","","","","",""
"2020091322","28","8","","1000","","","","","","215","160","10154","10146","","71","2","2","40","6","","","","","","","","",""
"2020091323","31","4","","1000","","","","","","213","162","10151","10143","","73","1","1","40","6","","","","","","","","",""
"2020091324","33","6","","1000","","","","","","207","163","10150","10142","","76","0","","","","","","","","","","","",""
"2020091401","32","9","","1000","","","","","","200","160","10149","10141","","78","0","","","","","","","","","","","",""
"2020091402","32","5","","1000","","","","","","190","155","10149","10141","","80","0","","","","","","","","","","","",""
"2020091403","34","4","","1000","","","","","","185","150","10148","10140","","80","0","","","","","","","","","","","",""
"2020091404","13","1","","1000","","","","","","189","152","10144","10136","","79","0","","","","","","","","","","","",""
"2020091405","5","1","","1000","","","","","","182","147","10145","10137","","80","0","","","","","","","","","","","",""
"2020091406","35","1","","1000","","","","","","187","148","10147","10139","","78","1","1","30","6","","","","","","","","",""
"2020091407","36","1","","1000","","","","","","184","148","10150","10142","","80","2","2","30","6","","","","","","","","",""
"2020091408","0","0","","1000","","","","","","226","162","10151","10143","","67","2","2","30","6","","","","","","","","",""
"2020091409","34","2","","1000","","","","","","224","160","10151","10143","","67","2","2","30","6","","","","","","","","",""
"2020091410","28","6","","1000","","","","","","230","166","10154","10146","","67","3","3","20","6","","","","","","","","",""
"2020091411","29","4","","1000","","","","","","235","164","10150","10142","","65","3","3","20","6","","","","","","","","",""
"2020091412","28","8","","1000","","","","","","232","164","10147","10139","","65","3","1","15","8","3","25","6","","","","","",""
"2020091413","26","8","","1000","","","","","","232","167","10142","10134","","67","5","2","16","8","4","25","6","5","200","0","","",""
"2020091414","25","10","","1000","","","","","","238","167","10137","10129","","65","7","2","17","8","3","30","6","7","200","2","","",""
"2020091415","25","12","","1000","","","","","","233","162","10134","10126","","65","7","3","20","8","4","70","3","7","200","2","","",""
"2020091416","25","12","","1000","","","","","","235","169","10129","10121","","67","5","2","20","6","5","200","0","","","","","",""
"2020091417","27","10","","1000","","","","","","233","171","10131","10123","","68","4","2","20","6","4","200","0","","","","","",""
"2020091418","26","11","","1000","","","","","","226","169","10135","10127","","70","5","1","15","7","3","25","6","5","200","0","","",""
"2020091419","27","8","","1000","","","","","","222","168","10136","10128","","71","5","1","17","7","3","25","6","5","200","0","","",""
"2020091420","29","7","","1000","","","","","","218","164","10140","10132","","71","4","2","20","6","4","200","0","","","","","",""
"2020091421","29","6","","1000","","","","","","215","161","10142","10134","","71","6","1","20","6","6","200","0","","","","","",""
"2020091422","29","3","","1000","","","","","","210","161","10142","10134","","74","4","1","20","6","4","200","0","","","","","",""
"2020091423","8","2","","1000","","","","","","208","159","10145","10137","","74","5","5","200","0","","","","","","","","",""
"2020091424","12","2","","1000","","","","","","201","156","10144","10136","","75","5","5","200","0","","","","","","","","",""
"2020091501","10","2","","1000","","","","","","202","161","10138","10130","","77","5","5","200","0","","","","","","","","",""
"2020091502","18","1","","900","","","","","10","205","162","10135","10127","","76","5","5","180","0","","","","","","","","",""
"2020091503","18","1","","900","","","","","10","202","163","10137","10129","","79","4","4","180","0","","","","","","","","",""
"2020091504","15","2","","1000","","","","","","197","161","10136","10128","","80","4","4","180","0","","","","","","","","",""
"2020091505","14","2","","900","","","","","10","203","161","10135","10127","","77","2","2","180","0","","","","","","","","",""
"2020091506","10","3","","900","","","","","10","192","159","10135","10127","","81","4","3","17","7","4","25","6","","","","","",""
"2020091507","7","2","","700","","","","","10","200","168","10138","10130","","82","4","3","10","7","4","25","6","","","","","",""
"2020091508","14","8","","600","","","","","10","218","183","10141","10133","","80","5","4","8","7","5","30","6","","","","","",""
"2020091509","15","9","","500","","","","","10","228","183","10140","10132","","76","6","3","10","7","6","30","6","","","","","",""
"2020091510","13","5","","700","","","","","10","232","174","10139","10131","","70","5","2","12","7","5","30","6","","","","","",""
"2020091511","16","6","","800","","","","","10","240","165","10135","10127","","63","4","1","15","7","4","30","6","","","","","",""
"2020091512","16","5","","900","","","","","10","247","151","10129","10121","","55","3","2","25","8","3","200","0","","","","","",""
"2020091513","15","7","","1000","","","","","","255","137","10121","10113","","48","3","1","25","8","3","200","0","","","","","",""
"2020091514","19","7","","1000","","","","","","252","153","10118","10110","","54","3","1","30","6","3","200","0","","","","","",""
"2020091515","20","7","","1000","","","","","","257","160","10116","10108","","55","5","1","30","6","5","200","0","","","","","",""
"2020091516","24","6","","1000","","","","","","248","149","10114","10106","","54","7","1","30","6","7","190","0","","","","","",""
"2020091517","28","9","","1000","","","","","","238","158","10115","10107","","61","5","2","150","3","5","190","0","","","","","",""
"2020091518","30","7","","1000","","","","","","228","164","10111","10103","","67","7","4","140","3","7","190","0","","","","","",""
"2020091519","30","5","","1000","","","","","","223","167","10109","10101","","71","7","6","140","3","7","190","0","","","","","",""
"2020091520","31","3","","1000","","","","","","222","167","10111","10103","","71","6","5","150","3","6","180","0","","","","","",""
"2020091521","32","2","","1000","","","","","","221","168","10114","10106","","72","4","2","150","3","4","200","0","","","","","",""
"2020091522","8","2","","1000","","","","","","214","166","10112","10104","","74","6","3","150","3","6","200","0","","","","","",""
"2020091523","15","5","","1000","","","","","","212","171","10112","10104","","77","6","1","150","3","6","200","0","","","","","",""
"2020091524","18","5","","1000","","","","","","222","171","10108","10100","","73","7","7","140","3","","","","","","","","",""
"2020091601","19","7","","1000","","","","","","221","178","10108","10100","","76","7","2","60","6","7","140","3","","","","","",""
"2020091602","19","6","","1000","","","","","","223","163","10104","10096","","69","7","2","60","6","7","120","3","","","","","",""
"2020091603","21","5","","1000","","","","","21","221","158","10105","10097","0","68","8","2","40","6","8","100","4","","","","","",""
"2020091604","19","6","","1000","","","","","21","219","165","10101","10093","0","71","7","1","60","6","7","100","3","","","","","",""
"2020091605","19","6","","1000","","","","","","219","169","10097","10089","","73","7","3","40","6","7","90","3","","","","","",""
"2020091606","17","7","","1000","","","","","","220","169","10094","10086","","73","7","1","18","7","4","30","6","7","80","3","","",""
"2020091607","17","6","","1000","","","","","61","213","174","10100","10092","0","79","7","2","15","7","3","25","6","7","80","4","","",""
"2020091608","16","9","","700","","","","","60","219","176","10102","10094","0","77","8","1","11","7","5","25","6","8","80","4","","",""
"2020091609","17","9","","350","","","","","61","214","181","10099","10091","5","81","8","1","12","7","5","25","6","8","70","4","","",""
"2020091610","16","8","","800","","","","","10","223","175","10096","10088","5","74","8","1","14","7","5","60","6","8","80","4","","",""
"2020091611","19","9","","1000","","","","","","232","178","10093","10085","","72","8","2","14","7","5","50","6","8","80","4","","",""
"2020091612","18","8","","900","","","","","60","237","172","10091","10083","0","67","7","2","17","7","5","25","6","7","100","4","","",""
"2020091613","18","7","","1000","","","","","21","243","169","10087","10079","0","63","7","5","25","6","7","90","3","","","","","",""
"2020091614","21","7","","1000","","","","","","235","169","10081","10073","","67","7","5","40","6","7","90","4","","","","","",""
"2020091615","22","7","","1000","","","","","21","231","174","10080","10072","0","70","7","5","25","6","7","80","4","","","","","",""
"2020091616","18","8","","1000","","","","","","230","175","10082","10074","","71","5","1","15","7","3","25","6","5","70","3","","",""
"2020091617","18","9","","1000","","","","","","224","179","10077","10069","","76","6","2","15","7","6","25","6","","","","","",""
"2020091618","18","11","","1000","","","","","","219","178","10080","10072","","77","7","3","10","7","7","25","6","","","","","",""
"2020091619","19","6","","1000","","","","","","217","177","10083","10075","","78","6","3","10","7","6","25","6","","","","","",""
"2020091620","21","6","","1000","","","","","","216","175","10090","10082","","78","6","6","25","6","","","","","","","","",""
"2020091621","20","5","","1000","","","","","","215","174","10096","10088","","77","6","1","15","7","6","25","6","","","","","",""
"2020091622","20","4","","1000","","","","","","215","177","10097","10089","","79","6","1","12","7","5","25","6","6","200","0","","",""
"2020091623","21","4","","1000","","","","","","209","173","10094","10086","","80","5","1","12","7","5","30","6","","","","","",""
"2020091624","21","2","","1000","","","","","","212","175","10094","10086","","79","5","1","12","7","5","30","6","","","","","",""
"2020091701","23","3","","1000","","","","","","208","173","10095","10087","","80","5","1","12","7","5","25","6","","","","","",""
"2020091702","25","4","","1000","","","","","","207","168","10096","10088","","79","5","1","12","7","3","25","6","5","90","3","","",""
"2020091703","22","4","","1000","","","","","","207","169","10092","10084","","79","5","1","13","7","3","25","6","5","120","3","","",""
"2020091704","23","4","","1000","","","","","","207","170","10094","10086","","79","5","5","20","6","","","","","","","","",""
"2020091705","26","6","","1000","","","","","61","212","167","10093","10085","0","75","7","1","15","7","5","25","6","7","70","4","","",""
"2020091706","31","6","","1000","","","","","21","207","135","10097","10089","0","64","6","5","30","6","6","70","3","","","","","",""
"2020091707","31","7","","1000","","","","","","203","107","10101","10093","","54","7","2","40","6","3","70","3","7","200","0","","",""
"2020091708","31","5","","1000","","","","","","208","114","10102","10094","","55","8","2","50","6","8","200","2","","","","","",""
"2020091709","31","3","","1000","","","","","","217","112","10105","10097","","51","8","3","50","6","8","200","2","","","","","",""
"2020091710","26","5","","1000","","","","","","225","110","10108","10100","","48","8","4","50","6","6","150","3","8","180","2","","",""
"2020091711","26","4","","1000","","","","","","225","106","10108","10100","","47","8","3","50","6","7","150","3","8","180","2","","",""
"2020091712","23","7","","1000","","","","","","233","100","10105","10097","","43","7","3","30","6","5","150","3","7","180","0","","",""
"2020091713","23","7","","1000","","","","","","228","108","10096","10088","","47","8","2","40","6","6","150","3","8","180","2","","",""
"2020091714","27","8","","1000","","","","","","232","104","10098","10090","","44","7","1","40","6","6","150","3","7","180","0","","",""
"2020091715","26","8","","1000","","","","","","234","106","10097","10089","","45","7","1","40","6","6","150","3","7","180","0","","",""
"2020091716","28","9","","1000","","","","","","231","104","10095","10087","","45","7","6","150","3","7","180","0","","","","","",""
"2020091717","26","10","","1000","","","","","","228","119","10097","10089","","83","6","5","150","3","6","190","0","","","","","",""
"2020091718","26","10","","1000","","","","","","220","124","10098","10090","","55","7","5","150","3","7","190","0","","","","","",""
"2020091719","27","9","","1000","","","","","","215","116","10097","10089","","53","6","4","150","3","6","200","0","","","","","",""
"2020091720","27","11","","1000","","","","","","216","120","10101","10093","","55","6","4","150","3","6","200","0","","","","","",""
"2020091721","28","9","","1000","","","","","","215","120","10105","10097","","55","7","3","150","3","7","200","0","","","","","",""
"2020091722","28","10","","1000","","","","","","217","115","10106","10098","","52","7","7","200","0","","","","","","","","",""
"2020091723","28","11","","1000","","","","","","218","120","10105","10097","","54","7","2","35","6","7","200","0","","","","","",""
"2020091724","29","9","","1000","","","","","","214","113","10107","10099","","53","7","1","35","6","7","190","0","","","","","",""
"2020091801","30","8","","1000","","","","","","212","100","10108","10100","","49","7","7","180","0","","","","","","","","",""
"2020091802","28","10","","1000","","","","","","215","83","10108","10100","","43","7","2","50","6","7","180","0","","","","","",""
"2020091803","30","10","","1000","","","","","","216","81","10106","10098","","42","7","2","45","6","7","180","0","","","","","",""
"2020091804","30","10","","1000","","","","","","211","81","10108","10100","","43","7","2","45","6","7","180","0","","","","","",""
"2020091805","31","8","","1000","","","","","","204","87","10110","10102","","47","6","1","45","6","6","180","0","","","","","",""
"2020091806","31","7","","1000","","","","","","201","87","10114","10106","","48","6","6","180","0","","","","","","","","",""
"2020091807","31","8","","1000","","","","","","196","97","10122","10114","","53","5","5","180","0","","","","","","","","",""
"2020091808","34","9","","1000","","","","","","212","105","10125","10117","","51","4","4","180","0","","","","","","","","",""
"2020091809","33","6","","1000","","","","","","222","82","10130","10122","","41","2","2","180","0","","","","","","","","",""
"2020091810","27","7","","1000","","","","","","234","58","10131","10123","","32","1","1","180","0","","","","","","","","",""
"2020091811","27","9","","1000","","","","","","240","30","10132","10124","","26","1","1","190","0","","","","","","","","",""
"2020091812","25","11","","1000","","","","","","249","33","10128","10120","","25","3","1","60","8","3","200","0","","","","","",""
"2020091813","25","14","","1000","","","","","","249","38","10127","10119","","26","2","2","50","8","","","","","","","","",""
"2020091814","25","14","","1000","","","","","","251","50","10125","10117","","28","3","2","50","8","3","110","3","","","","","",""
"2020091815","24","18","","1000","","","","","","248","100","10123","10115","","39","2","2","30","8","","","","","","","","",""
"2020091816","25","19","","1000","","","","","","242","126","10124","10116","","48","2","2","30","8","","","","","","","","",""
"2020091817","27","15","","1000","","","","","","238","132","10125","10117","","52","2","2","25","8","","","","","","","","",""
"2020091818","26","12","","1000","","","","","","229","109","10127","10119","","47","1","1","30","8","","","","","","","","",""
"2020091819","27","13","","1000","","","","","","219","117","10131","10123","","52","0","","","","","","","","","","","",""
"2020091820","27","10","","1000","","","","","","216","112","10137","10129","","52","0","","","","","","","","","","","",""
"2020091821","27","7","","1000","","","","","","209","108","10143","10135","","52","0","","","","","","","","","","","",""
"2020091822","26","5","","1000","","","","","","207","97","10144","10136","","50","0","","","","","","","","","","","",""
"2020091823","26","7","","1000","","","","","","211","113","10149","10141","","54","0","","","","","","","","","","","",""
"2020091824","27","11","","1000","","","","","","212","121","10148","10140","","56","0","","","","","","","","","","","",""
"2020091901","26","8","","1000","","","","","","212","130","10148","10140","","59","0","","","","","","","","","","","",""
"2020091902","27","9","","1000","","","","","","216","143","10147","10139","","63","3","1","18","7","3","110","3","","","","","",""
"2020091903","27","8","","1000","","","","","","215","149","10144","10136","","66","7","2","18","7","5","25","6","7","100","4","","",""
"2020091904","32","7","","1000","","","","","61","210","151","10144","10136","0","69","8","2","15","9","5","25","6","8","90","4","","",""
"2020091905","30","4","","600","","","","","63","190","120","10149","10141","90","64","8","2","15","7","5","25","6","8","70","5","","",""
"2020091906","12","1","","1000","","","","","60","178","122","10149","10141","0","70","7","5","40","6","7","100","4","","","","","",""
"2020091907","9","2","","1000","","","","","21","180","138","10152","10144","0","76","3","3","40","6","","","","","","","","",""
"2020091908","10","3","","1000","","","","","","205","142","10156","10148","","67","6","4","40","6","6","90","3","","","","","",""
"2020091909","13","4","","1000","","","","","25","221","117","10154","10146","0","52","6","4","40","6","6","90","3","","","","","",""
"2020091910","14","6","","1000","","","","","","228","135","10155","10147","","56","2","2","20","8","","","","","","","","",""
"2020091911","23","3","","1000","","","","","","244","72","10152","10144","","33","2","2","20","8","","","","","","","","",""
"2020091912","24","4","","1000","","","","","","247","71","10149","10141","","33","1","1","20","8","","","","","","","","",""
"2020091913","29","9","","1000","","","","","","248","48","10148","10140","","28","2","2","20","8","","","","","","","","",""
"2020091914","29","10","","1000","","","","","","248","76","10145","10137","","33","2","2","20","8","","","","","","","","",""
"2020091915","28","12","","1000","","","","","","252","38","10142","10134","","25","2","2","20","8","","","","","","","","",""
"2020091916","27","14","","1000","","","","","","240","112","10140","10132","","45","2","2","20","8","","","","","","","","",""
"2020091917","28","16","","1000","","","","","","237","99","10139","10131","","42","2","2","20","8","","","","","","","","",""
"2020091918","28","17","","1000","","","","","","229","97","10143","10135","","43","2","2","20","8","","","","","","","","",""
"2020091919","29","15","","1000","","","","","","224","75","10144","10136","","38","0","","","","","","","","","","","",""
"2020091920","29","14","","1000","","","","","","220","59","10148","10140","","35","0","","","","","","","","","","","",""
"2020091921","31","10","","1000","","","","","","218","26","10156","10148","","28","0","","","","","","","","","","","",""
"2020091922","31","9","","1000","","","","","","217","39","10158","10150","","31","0","","","","","","","","","","","",""
"2020091923","31","9","","1000","","","","","","208","66","10161","10153","","40","0","","","","","","","","","","","",""
"2020091924","31","9","","1000","","","","","","207","83","10161","10153","","45","0","","","","","","","","","","","",""
"2020092001","31","9","","1000","","","","","","202","90","10165","10157","","49","0","","","","","","","","","","","",""
"2020092002","30","12","24","1000","","","","","","199","97","10166","10158","","52","0","","","","","","","","","","","",""
"2020092003","31","10","","1000","","","","","","204","102","10163","10155","","52","0","","","","","","","","","","","",""
"2020092004","32","11","","1000","","","","","","187","111","10161","10153","","61","0","","","","","","","","","","","",""
"2020092005","35","7","","1000","","","","","","178","118","10164","10156","","68","0","","","","","","","","","","","",""
"2020092006","34","7","","1000","","","","","","176","104","10170","10162","","63","1","1","110","3","","","","","","","","",""
"2020092007","35","8","","1000","","","","","","187","92","10174","10166","","54","3","3","110","3","","","","","","","","",""
"2020092008","35","9","","1000","","","","","","199","46","10178","10170","","37","2","2","120","3","","","","","","","","",""
"2020092009","36","8","","1000","","","","","","207","31","10181","10173","","31","1","1","120","3","","","","","","","","",""
"2020092010","33","8","","1000","","","","","","210","33","10180","10172","","31","1","1","120","3","","","","","","","","",""
"2020092011","33","9","","1000","","","","","","218","35","10179","10171","","30","0","","","","","","","","","","","",""
"2020092012","32","8","","1000","","","","","","218","29","10178","10170","","29","0","","","","","","","","","","","",""
"2020092013","32","8","","1000","","","","","","224","42","10176","10168","","31","0","","","","","","","","","","","",""
"2020092014","28","8","","1000","","","","","","224","49","10170","10162","","32","0","","","","","","","","","","","",""
"2020092015","28","9","","1000","","","","","","226","54","10167","10159","","33","0","","","","","","","","","","","",""
"2020092016","28","8","","1000","","","","","","227","57","10165","10157","","33","0","","","","","","","","","","","",""
"2020092017","27","7","","1000","","","","","","225","56","10165","10157","","33","0","","","","","","","","","","","",""
"2020092018","27","8","","1000","","","","","","213","63","10167","10159","","38","0","","","","","","","","","","","",""
"2020092019","30","6","","1000","","","","","","207","75","10167","10159","","43","0","","","","","","","","","","","",""
"2020092020","30","6","","1000","","","","","","204","80","10171","10163","","45","0","","","","","","","","","","","",""
"2020092021","30","6","","1000","","","","","","196","83","10174","10166","","48","0","","","","","","","","","","","",""
"2020092022","31","6","","1000","","","","","","205","83","10181","10173","","45","1","1","200","0","","","","","","","","",""
"2020092023","31","5","","1000","","","","","","192","87","10185","10177","","51","0","","","","","","","","","","","",""
"2020092024","31","5","","1000","","","","","","199","99","10182","10174","","52","0","","","","","","","","","","","",""
"2020092101","6","6","","1000","","","","","","181","109","10186","10178","","63","0","","","","","","","","","","","",""
"2020092102","7","4","","1000","","","","","","168","85","10187","10179","","58","0","","","","","","","","","","","",""
"2020092103","2","5","","1000","","","","","","149","70","10184","10176","","59","0","","","","","","","","","","","",""
"2020092104","3","5","","1000","","","","","","155","68","10184","10176","","56","0","","","","","","","","","","","",""
"2020092105","5","5","","1000","","","","","","156","64","10184","10176","","54","1","1","200","0","","","","","","","","",""
"2020092106","7","3","","1000","","","","","","154","65","10185","10177","","55","3","3","200","0","","","","","","","","",""
"2020092107","4","4","","1000","","","","","","155","85","10191","10183","","63","5","5","200","0","","","","","","","","",""
"2020092108","4","6","","1000","","","","","","170","90","10193","10185","","59","7","7","200","0","","","","","","","","",""
"2020092109","2","6","","1000","","","","","","182","72","10197","10189","","49","7","7","200","0","","","","","","","","",""
"2020092110","4","8","","1000","","","","","","194","68","10200","10192","","44","6","6","200","0","","","","","","","","",""
"2020092111","6","7","","1000","","","","","","202","66","10199","10191","","41","4","4","200","0","","","","","","","","",""
"2020092112","3","6","","1000","","","","","","214","55","10187","10179","","36","3","3","200","0","","","","","","","","",""
"2020092113","33","3","","1000","","","","","","226","58","10182","10174","","34","5","5","200","0","","","","","","","","",""
"2020092114","30","6","","1000","","","","","","230","31","10179","10171","","27","2","2","200","0","","","","","","","","",""
"2020092115","30","7","","1000","","","","","","230","41","10175","10167","","29","2","2","200","0","","","","","","","","",""
"2020092116","29","8","","1000","","","","","","229","33","10174","10166","","28","2","2","200","0","","","","","","","","",""
"2020092117","30","7","","1000","","","","","","218","61","10172","10164","","36","1","1","200","0","","","","","","","","",""
"2020092118","31","6","","1000","","","","","","211","35","10172","10164","","31","5","2","150","3","5","200","0","","","","","",""
"2020092119","34","5","","1000","","","","","","195","73","10170","10162","","45","4","2","150","3","4","200","0","","","","","",""
"2020092120","3","1","","1000","","","","","","188","79","10174","10166","","49","5","5","200","0","","","","","","","","",""
"2020092121","4","3","","1000","","","","","","182","72","10179","10171","","49","5","5","200","0","","","","","","","","",""
"2020092122","4","5","","1000","","","","","","189","62","10181","10173","","44","6","6","200","0","","","","","","","","",""
"2020092123","3","5","","1000","","","","","","178","80","10186","10178","","53","6","6","200","0","","","","","","","","",""
"2020092124","3","4","","1000","","","","","","178","63","10186","10178","","47","6","6","200","0","","","","","","","","",""
"2020092201","5","6","","1000","","","","","","174","66","10188","10180","","49","4","4","200","0","","","","","","","","",""
"2020092202","5","9","","1000","","","","","","165","94","10189","10181","","63","3","3","200","0","","","","","","","","",""
"2020092203","6","6","","1000","","","","","","156","85","10191","10183","","63","5","2","50","6","5","200","0","","","","","",""
"2020092204","6","7","","1000","","","","","","157","85","10189","10181","","62","6","4","50","6","6","200","0","","","","","",""
"2020092205","6","6","","1000","","","","","","154","86","10190","10182","","64","4","2","50","6","4","200","0","","","","","",""
"2020092206","6","6","","1000","","","","","","156","86","10193","10185","","63","5","1","50","6","5","200","0","","","","","",""
"2020092207","5","6","","1000","","","","","","150","94","10200","10192","","69","3","2","50","6","3","200","0","","","","","",""
"2020092208","5","7","","1000","","","","","","172","94","10200","10192","","60","3","1","50","6","3","200","0","","","","","",""
"2020092209","7","6","","1000","","","","","","195","82","10203","10195","","48","3","3","200","0","","","","","","","","",""
"2020092210","7","6","","1000","","","","","","211","69","10203","10195","","40","0","","","","","","","","","","","",""
"2020092211","12","7","","1000","","","","","","219","70","10198","10190","","38","0","","","","","","","","","","","",""
"2020092212","9","7","","1000","","","","","","224","65","10191","10183","","36","0","","","","","","","","","","","",""
"2020092213","2","8","","1000","","","","","","236","51","10184","10176","","30","1","1","50","6","","","","","","","","",""
"2020092214","4","10","","1000","","","","","","242","17","10175","10167","","23","1","1","50","6","","","","","","","","",""
"2020092215","5","8","","1000","","","","","","247","17","10172","10164","","22","1","1","50","6","","","","","","","","",""
"2020092216","3","7","","1000","","","","","","244","34","10169","10161","","26","0","","","","","","","","","","","",""
"2020092217","2","9","","1000","","","","","","238","49","10169","10161","","29","0","","","","","","","","","","","",""
"2020092218","1","9","","1000","","","","","","227","58","10172","10164","","34","1","1","200","0","","","","","","","","",""
"2020092219","2","7","","1000","","","","","","216","65","10169","10161","","38","3","1","60","6","3","200","0","","","","","",""
"2020092220","3","5","","1000","","","","","","201","90","10170","10162","","49","4","4","200","0","","","","","","","","",""
"2020092221","8","4","","1000","","","","","","203","86","10176","10168","","47","6","3","60","6","6","200","0","","","","","",""
"2020092222","5","5","","1000","","","","","","203","64","10179","10171","","40","5","1","60","6","5","200","0","","","","","",""
"2020092223","4","7","","1000","","","","","","189","68","10187","10179","","45","5","2","60","6","5","200","0","","","","","",""
"2020092224","5","7","","1000","","","","","","189","69","10190","10182","","46","6","3","60","6","6","200","0","","","","","",""
"2020092301","6","7","","1000","","","","","","189","58","10190","10182","","42","6","3","60","6","6","200","0","","","","","",""
"2020092302","6","9","","1000","","","","","","180","74","10185","10177","","50","5","2","60","6","5","200","0","","","","","",""
"2020092303","7","8","","1000","","","","","","173","56","10182","10174","","46","5","1","60","6","5","200","0","","","","","",""
"2020092304","6","7","","1000","","","","","","165","61","10185","10177","","50","4","1","60","6","4","200","0","","","","","",""
"2020092305","5","10","","1000","","","","","","155","91","10186","10178","","66","7","7","200","0","","","","","","","","",""
"2020092306","5","7","","1000","","","","","","151","79","10186","10178","","62","7","7","200","2","","","","","","","","",""
"2020092307","5","10","","1000","","","","","","152","77","10187","10179","","61","7","7","200","2","","","","","","","","",""
"2020092308","5","8","","1000","","","","","","159","74","10191","10183","","57","8","4","150","3","8","200","2","","","","","",""
"2020092309","5","7","","1000","","","","","","171","69","10194","10186","","51","6","2","150","3","6","200","0","","","","","",""
"2020092310","5","9","","1000","","","","","","194","68","10193","10185","","44","4","4","200","0","","","","","","","","",""
"2020092311","4","8","","1000","","","","","","204","57","10192","10184","","38","6","6","200","0","","","","","","","","",""
"2020092312","5","9","","1000","","","","","","219","57","10184","10176","","35","6","1","30","6","3","120","3","6","200","0","","",""
"2020092313","6","10","","1000","","","","","","224","62","10177","10169","","35","6","1","30","6","3","120","3","6","200","0","","",""
"2020092314","6","9","","1000","","","","","","227","68","10171","10163","","36","6","3","30","6","6","190","0","","","","","",""
"2020092315","9","8","","1000","","","","","","230","65","10170","10162","","34","6","4","50","6","6","200","0","","","","","",""
"2020092316","7","7","","1000","","","","","","234","62","10168","10160","","33","5","3","50","6","5","190","0","","","","","",""
"2020092317","6","7","","1000","","","","","","230","70","10168","10160","","36","4","3","50","6","4","180","0","","","","","",""
"2020092318","7","8","","1000","","","","","","220","64","10170","10162","","37","5","1","50","6","5","190","0","","","","","",""
"2020092319","7","7","","1000","","","","","","210","65","10172","10164","","39","7","7","190","0","","","","","","","","",""
"2020092320","7","7","","1000","","","","","","203","67","10176","10168","","41","7","7","180","0","","","","","","","","",""
"2020092321","7","7","","1000","","","","","","202","62","10183","10175","","40","7","1","60","6","7","180","0","","","","","",""
"2020092322","6","8","","1000","","","","","","196","64","10181","10173","","42","7","7","180","0","","","","","","","","",""
"2020092323","5","9","","1000","","","","","","190","73","10181","10173","","47","7","1","60","6","7","180","0","","","","","",""
"2020092324","5","8","","1000","","","","","","183","80","10180","10172","","51","7","4","60","6","7","180","0","","","","","",""
"2020092401","5","9","","1000","","","","","","176","88","10178","10170","","57","7","1","60","6","7","180","0","","","","","",""
"2020092402","5","9","","1000","","","","","","173","79","10175","10167","","54","7","3","70","3","7","180","0","","","","","",""
"2020092403","5","9","","1000","","","","","","167","82","10171","10163","","57","6","1","70","3","6","190","0","","","","","",""
"2020092404","5","9","","1000","","","","","","166","83","10169","10161","","58","6","1","50","6","5","70","3","6","180","0","","",""
"2020092405","5","10","","1000","","","","","","167","81","10168","10160","","57","6","6","70","3","","","","","","","","",""
"2020092406","5","10","","1000","","","","","","167","84","10168","10160","","58","7","6","70","3","7","180","0","","","","","",""
"2020092407","6","10","","1000","","","","","","168","86","10170","10162","","59","6","1","50","6","6","70","3","","","","","",""
"2020092408","5","10","","1000","","","","","","176","86","10170","10162","","55","7","1","40","6","7","70","3","","","","","",""
"2020092409","5","8","","1000","","","","","","191","76","10171","10163","","47","6","1","40","6","5","70","3","6","180","0","","",""
"2020092410","4","10","","1000","","","","","","210","76","10169","10161","","42","3","1","70","3","3","180","0","","","","","",""
"2020092411","5","10","","1000","","","","","","218","83","10165","10157","","42","3","1","40","6","3","70","3","","","","","",""
"2020092412","4","12","","1000","","","","","","235","80","10154","10146","","37","3","1","40","6","3","70","3","","","","","",""
"2020092413","3","10","","1000","","","","","","242","77","10148","10140","","35","4","4","50","6","","","","","","","","",""
"2020092414","6","11","","1000","","","","","","249","72","10139","10131","","32","6","5","50","6","6","70","3","","","","","",""
"2020092415","5","8","","1000","","","","","","244","68","10134","10126","","32","6","5","50","6","6","70","3","","","","","",""
"2020092416","5","9","","1000","","","","","","243","74","10132","10124","","34","6","4","50","8","6","70","3","","","","","",""
"2020092417","2","10","","1000","","","","","","240","100","10131","10123","","41","6","4","50","6","6","80","3","","","","","",""
"2020092418","3","11","","1000","","","","","","224","103","10131","10123","","46","4","3","50","6","4","80","3","","","","","",""
"2020092419","5","10","","1000","","","","","","213","100","10132","10124","","48","5","4","60","6","5","160","0","","","","","",""
"2020092420","5","10","","1000","","","","","","215","74","10137","10129","","40","7","3","50","6","7","150","3","","","","","",""
"2020092421","5","9","","1000","","","","","","207","79","10147","10139","","44","7","4","60","6","7","150","3","","","","","",""
"2020092422","5","10","","1000","","","","","","194","101","10147","10139","","55","7","4","70","3","7","160","0","","","","","",""
"2020092423","5","11","","1000","","","","","","187","92","10147","10139","","54","7","2","70","3","7","160","0","","","","","",""
"2020092424","5","9","","1000","","","","","","183","89","10146","10138","","54","7","4","70","3","7","160","0","","","","","",""
"2020092501","5","10","","1000","","","","","","180","90","10144","10136","","56","7","4","70","3","7","160","0","","","","","",""
"2020092502","5","11","","1000","","","","","","174","92","10140","10132","","59","7","4","70","3","7","160","0","","","","","",""
"2020092503","4","12","","1000","","","","","","168","94","10135","10127","","62","3","1","70","3","3","160","0","","","","","",""
"2020092504","5","13","","1000","","","","","","165","96","10132","10124","","64","0","","","","","","","","","","","",""
"2020092505","4","14","","1000","","","","","","166","95","10131","10123","","63","0","","","","","","","","","","","",""
"2020092506","4","15","","1000","","","","","","170","93","10133","10125","","60","1","1","150","3","","","","","","","","",""
"2020092507","4","12","","1000","","","","","","175","96","10138","10130","","60","5","2","30","6","4","70","3","5","150","3","","",""
"2020092508","5","12","","1000","","","","","","180","100","10140","10132","","59","5","3","45","6","5","150","3","","","","","",""
"2020092509","4","13","","1000","","","","","","188","102","10142","10134","","58","7","4","45","6","7","150","3","","","","","",""
"2020092510","4","12","","1000","","","","","","197","102","10142","10134","","54","7","4","45","6","7","150","3","","","","","",""
"2020092511","4","12","","1000","","","","","","216","106","10139","10131","","50","6","4","45","6","6","150","3","","","","","",""
"2020092512","4","12","","1000","","","","","","233","105","10131","10123","","44","5","3","50","6","5","130","3","","","","","",""
"2020092513","3","11","","1000","","","","","","242","102","10129","10121","","41","3","3","40","6","","","","","","","","",""
"2020092514","2","7","","1000","","","","","","243","99","10124","10116","","40","6","4","40","6","6","110","3","","","","","",""
"2020092515","4","11","","1000","","","","","","252","101","10121","10113","","39","4","2","30","8","3","40","6","4","110","3","","",""
"2020092516","4","13","","1000","","","","","","243","95","10119","10111","","39","4","3","30","8","4","40","6","","","","","",""
"2020092517","5","12","","1000","","","","","","243","88","10124","10116","","37","3","1","30","8","3","40","6","","","","","",""
"2020092518","4","11","","1000","","","","","","225","102","10131","10123","","46","3","3","45","6","","","","","","","","",""
"2020092519","4","12","","1000","","","","","","213","95","10134","10126","","47","2","2","50","6","","","","","","","","",""
"2020092520","4","14","","1000","","","","","","203","94","10141","10133","","49","2","2","50","6","","","","","","","","",""
"2020092521","4","12","","1000","","","","","","194","87","10150","10142","","50","3","1","50","6","3","200","0","","","","","",""
"2020092522","5","12","","1000","","","","","","184","90","10157","10149","","54","4","4","200","0","","","","","","","","",""
"2020092523","5","9","","1000","","","","","","176","91","10158","10150","","58","6","6","200","0","","","","","","","","",""
"2020092524","5","9","","1000","","","","","","174","88","10159","10151","","57","7","7","200","0","","","","","","","","",""
"2020092601","4","10","","1000","","","","","","170","89","10159","10151","","59","7","7","200","0","","","","","","","","",""
"2020092602","4","10","","1000","","","","","","168","90","10159","10151","","60","7","7","200","0","","","","","","","","",""
"2020092603","3","8","","1000","","","","","","164","90","10156","10148","","62","7","7","200","0","","","","","","","","",""
"2020092604","3","6","","1000","","","","","","160","92","10154","10146","","64","7","7","200","0","","","","","","","","",""
"2020092605","5","4","","1000","","","","","","160","85","10159","10151","","61","6","6","200","0","","","","","","","","",""
"2020092606","4","6","","1000","","","","","","158","85","10164","10156","","62","5","5","200","0","","","","","","","","",""
"2020092607","4","4","","1000","","","","","","161","83","10172","10164","","60","6","6","200","0","","","","","","","","",""
"2020092608","4","6","","1000","","","","","","168","85","10174","10166","","58","6","6","200","0","","","","","","","","",""
"2020092609","4","10","","1000","","","","","","184","83","10175","10167","","52","6","1","150","3","6","200","0","","","","","",""
"2020092610","3","11","","1000","","","","","","194","70","10177","10169","","45","6","2","150","3","6","200","0","","","","","",""
"2020092611","4","12","","1000","","","","","","210","74","10176","10168","","41","3","1","150","3","3","200","0","","","","","",""
"2020092612","4","12","","1000","","","","","","221","67","10167","10159","","37","1","1","50","6","","","","","","","","",""
"2020092613","4","13","","1000","","","","","","228","74","10163","10155","","37","5","5","45","6","","","","","","","","",""
"2020092614","3","10","","1000","","","","","","234","71","10159","10151","","35","3","3","50","6","","","","","","","","",""
"2020092615","4","10","","1000","","","","","","244","69","10156","10148","","33","4","4","50","6","","","","","","","","",""
"2020092616","3","13","","1000","","","","","","241","72","10157","10149","","34","3","3","50","6","","","","","","","","",""
"2020092617","3","13","","1000","","","","","","230","87","10159","10151","","40","2","2","50","6","","","","","","","","",""
"2020092618","4","11","","1000","","","","","","217","84","10164","10156","","43","1","1","50","6","","","","","","","","",""
"2020092619","3","9","","1000","","","","","","205","87","10168","10160","","47","0","","","","","","","","","","","",""
"2020092620","5","10","","1000","","","","","","194","85","10177","10169","","49","0","","","","","","","","","","","",""
"2020092621","5","7","","1000","","","","","","186","86","10183","10175","","52","0","","","","","","","","","","","",""
"2020092622","5","9","","1000","","","","","","179","85","10185","10177","","54","0","","","","","","","","","","","",""
"2020092623","4","10","","1000","","","","","","172","88","10187","10179","","58","0","","","","","","","","","","","",""
"2020092624","5","10","","1000","","","","","","169","90","10190","10182","","60","0","","","","","","","","","","","",""
"2020092701","5","12","","1000","","","","","","162","89","10189","10181","","62","0","","","","","","","","","","","",""
"2020092702","5","11","","1000","","","","","","160","88","10191","10183","","62","0","","","","","","","","","","","",""
"2020092703","4","10","","1000","","","","","","159","89","10188","10180","","63","0","","","","","","","","","","","",""
"2020092704","5","10","","1000","","","","","","154","94","10190","10182","","67","0","","","","","","","","","","","",""
"2020092705","5","10","","1000","","","","","","156","94","10193","10185","","66","0","","","","","","","","","","","",""
"2020092706","5","9","","1000","","","","","","154","89","10196","10188","","65","0","","","","","","","","","","","",""
"2020092707","6","8","","1000","","","","","","155","88","10198","10190","","65","0","","","","","","","","","","","",""
"2020092708","5","8","","1000","","","","","","167","95","10201","10193","","63","0","","","","","","","","","","","",""
"2020092709","4","8","","1000","","","","","","188","90","10204","10196","","53","0","","","","","","","","","","","",""
"2020092710","4","9","","1000","","","","","","210","81","10205","10197","","44","0","","","","","","","","","","","",""
"2020092711","4","7","","1000","","","","","","215","96","10202","10194","","47","0","","","","","","","","","","","",""
"2020092712","2","6","","1000","","","","","","228","80","10193","10185","","39","0","","","","","","","","","","","",""
"2020092713","34","7","","1000","","","","","","234","72","10185","10177","","35","0","","","","","","","","","","","",""
"2020092714","31","9","","1000","","","","","","238","82","10180","10172","","37","1","1","50","6","","","","","","","","",""
"2020092715","32","9","","1000","","","","","","231","86","10176","10168","","40","1","1","50","6","","","","","","","","",""
"2020092716","30","10","","1000","","","","","","231","94","10174","10166","","42","1","1","50","6","","","","","","","","",""
"2020092717","30","9","","1000","","","","","","228","95","10172","10164","","43","1","1","50","6","","","","","","","","",""
"2020092718","32","7","","1000","","","","","","215","104","10173","10165","","49","1","1","50","6","","","","","","","","",""
"2020092719","33","8","","1000","","","","","","194","115","10174","10166","","60","0","","","","","","","","","","","",""
"2020092720","32","7","","1000","","","","","","193","116","10179","10171","","61","0","","","","","","","","","","","",""
"2020092721","32","7","","1000","","","","","","192","114","10186","10178","","61","0","","","","","","","","","","","",""
"2020092722","33","8","","1000","","","","","","188","119","10186","10178","","64","0","","","","","","","","","","","",""
"2020092723","1","3","","1000","","","","","","187","134","10186","10178","","71","0","","","","","","","","","","","",""
"2020092724","2","2","","1000","","","","","","181","126","10186","10178","","71","0","","","","","","","","","","","",""
"2020092801","8","2","","1000","","","","","","173","123","10185","10177","","72","0","","","","","","","","","","","",""
"2020092802","7","2","","1000","","","","","","173","120","10183","10175","","71","0","","","","","","","","","","","",""
"2020092803","7","4","","1000","","","","","","176","116","10182","10174","","68","0","","","","","","","","","","","",""
"2020092804","9","4","","1000","","","","","","169","117","10182","10174","","72","0","","","","","","","","","","","",""
"2020092805","6","4","","1000","","","","","","168","118","10184","10176","","72","0","","","","","","","","","","","",""
"2020092806","6","5","","1000","","","","","","159","121","10185","10177","","78","0","","","","","","","","","","","",""
"2020092807","5","5","","800","","","","","10","159","123","10186","10178","","79","1","1","200","0","","","","","","","","",""
"2020092808","6","4","","1000","","","","","","181","125","10188","10180","","70","0","","","","","","","","","","","",""
"2020092809","15","6","","1000","","","","","","202","116","10185","10177","","58","0","","","","","","","","","","","",""
"2020092810","15","5","","1000","","","","","","212","103","10184","10176","","50","1","1","200","0","","","","","","","","",""
"2020092811","15","5","","1000","","","","","","229","109","10181","10173","","38","1","1","200","0","","","","","","","","",""
"2020092812","22","4","","1000","","","","","","248","144","10176","10168","","51","1","1","200","0","","","","","","","","",""
"2020092813","31","6","","1000","","","","","","242","151","10170","10162","","57","2","2","40","8","","","","","","","","",""
"2020092814","30","9","","1000","","","","","","243","135","10163","10155","","51","3","2","40","8","3","200","0","","","","","",""
"2020092815","29","9","","1000","","","","","","241","127","10158","10150","","49","3","2","40","8","3","200","0","","","","","",""
"2020092816","29","8","","1000","","","","","","234","136","10155","10147","","54","3","2","40","8","3","200","0","","","","","",""
"2020092817","30","8","","1000","","","","","","227","142","10152","10144","","59","1","1","40","8","","","","","","","","",""
"2020092818","29","6","","1000","","","","","","214","147","10148","10140","","66","1","1","40","6","","","","","","","","",""
"2020092819","29","4","","1000","","","","","","208","157","10145","10137","","73","0","","","","","","","","","","","",""
"2020092820","30","3","","1000","","","","","","205","158","10145","10137","","74","0","","","","","","","","","","","",""
"2020092821","31","3","","1000","","","","","","197","164","10150","10142","","81","0","","","","","","","","","","","",""
"2020092822","31","6","","1000","","","","","","196","166","10152","10144","","83","0","","","","","","","","","","","",""
"2020092823","32","6","","800","","","","","10","196","169","10156","10148","","84","0","","","","","","","","","","","",""
"2020092824","32","8","","800","","","","","10","192","161","10154","10146","","82","0","","","","","","","","","","","",""
"2020092901","32","8","","800","","","","","10","175","147","10151","10143","","84","0","","","","","","","","","","","",""
"2020092902","1","1","","1000","","","","","","177","155","10147","10139","","87","0","","","","","","","","","","","",""
"2020092903","12","2","","900","","","","","10","166","153","10145","10137","","92","2","2","200","0","","","","","","","","",""
"2020092904","8","2","","900","","","","","10","177","147","10141","10133","","83","3","3","200","0","","","","","","","","",""
"2020092905","7","2","","800","","","","","10","168","148","10139","10131","","88","6","6","200","0","","","","","","","","",""
"2020092906","12","2","","700","","","","","10","161","145","10140","10132","","90","6","6","200","0","","","","","","","","",""
"2020092907","4","4","","500","","","","","10","166","150","10139","10131","","91","6","6","200","0","","","","","","","","",""
"2020092908","4","3","","500","","","","","10","178","157","10140","10132","","88","6","6","200","0","","","","","","","","",""
"2020092909","5","4","","500","","","","","10","203","165","10133","10125","","79","7","7","200","0","","","","","","","","",""
"2020092910","1","3","","600","","","","","10","208","160","10129","10121","","74","6","6","200","0","","","","","","","","",""
"2020092911","34","5","","1000","","","","","","217","119","10126","10118","","54","5","1","25","6","5","200","0","","","","","",""
"2020092912","33","5","","1000","","","","","","222","90","10118","10110","","43","6","1","25","6","6","200","0","","","","","",""
"2020092913","30","5","","1000","","","","","","222","113","10111","10103","","50","7","7","200","0","","","","","","","","",""
"2020092914","30","8","","1000","","","","","","225","120","10105","10097","","52","7","7","200","0","","","","","","","","",""
"2020092915","29","8","","1000","","","","","","225","109","10102","10094","","48","6","6","200","0","","","","","","","","",""
"2020092916","29","7","","1000","","","","","","219","121","10101","10093","","54","8","8","200","2","","","","","","","","",""
"2020092917","28","8","","1000","","","","","","212","128","10104","10096","","59","8","8","200","2","","","","","","","","",""
"2020092918","30","5","","1000","","","","","","209","147","10100","10092","","68","7","5","150","3","7","200","0","","","","","",""
"2020092919","30","5","","1000","","","","","","209","154","10101","10093","","71","6","3","80","3","6","200","0","","","","","",""
"2020092920","31","4","","1000","","","","","","205","151","10102","10094","","71","8","1","70","3","8","190","2","","","","","",""
"2020092921","35","4","","1000","","","","","","195","155","10103","10095","","78","6","6","190","0","","","","","","","","",""
"2020092922","34","5","","1000","","","","","","196","152","10106","10098","","76","7","2","90","3","7","200","0","","","","","",""
"2020092923","33","5","","1000","","","","","","197","158","10106","10098","","78","7","2","90","3","7","180","0","","","","","",""
"2020092924","5","2","","1000","","","","","","197","156","10103","10095","","77","6","2","90","3","6","180","0","","","","","",""
"2020093001","31","7","","1000","","","","","","199","159","10104","10096","","78","4","4","180","0","","","","","","","","",""
"2020093002","35","10","","1000","","","","","","189","160","10106","10098","","83","3","1","90","3","3","180","0","","","","","",""
"2020093003","11","2","","1000","","","","","","186","151","10105","10097","","80","5","5","180","0","","","","","","","","",""
"2020093004","1","1","","1000","","","","","","175","149","10102","10094","","85","3","3","180","0","","","","","","","","",""
"2020093005","2","3","","900","","","","","10","178","152","10102","10094","","85","4","4","180","0","","","","","","","","",""
"2020093006","7","1","","800","","","","","10","172","152","10104","10096","","88","3","3","170","0","","","","","","","","",""
"2020093007","6","2","","700","","","","","10","171","152","10108","10100","","89","2","2","170","0","","","","","","","","",""
"2020093008","3","4","","800","","","","","10","182","157","10115","10107","","85","3","3","150","3","","","","","","","","",""
"2020093009","5","6","","900","","","","","10","195","151","10113","10105","","76","3","3","150","3","","","","","","","","",""
"2020093010","5","6","","1000","","","","","","202","152","10114","10106","","73","3","3","150","3","","","","","","","","",""
"2020093011","13","2","","900","","","","","5","219","149","10112","10104","","64","4","1","150","3","4","200","0","","","","","",""
"2020093012","19","5","","900","","","","","5","226","143","10108","10100","","60","4","2","25","6","4","200","0","","","","","",""
"2020093013","19","3","","900","","","","","5","229","140","10104","10096","","57","3","3","25","6","","","","","","","","",""
"2020093014","29","10","","1000","","","","","","221","157","10101","10093","","67","4","1","10","9","3","30","6","4","120","3","","",""
"2020093015","30","9","","1000","","","","","","222","157","10099","10091","","67","1","1","25","6","","","","","","","","",""
"2020093016","31","8","","1000","","","","","","221","153","10097","10089","","66","0","","","","","","","","","","","",""
"2020093017","30","9","","1000","","","","","","211","160","10099","10091","","73","0","","","","","","","","","","","",""
"2020093018","29","8","","1000","","","","","","203","157","10104","10096","","75","3","3","45","6","","","","","","","","",""
"2020093019","29","5","","1000","","","","","","201","157","10105","10097","","76","5","5","45","6","","","","","","","","",""
"2020093020","31","2","","1000","","","","","","196","159","10107","10099","","79","1","1","45","6","","","","","","","","",""
"2020093021","25","2","","1000","","","","","","198","158","10110","10102","","78","3","3","45","6","","","","","","","","",""
"2020093022","6","5","","1000","","","","","","186","150","10112","10104","","80","3","2","18","7","3","45","6","","","","","",""
"2020093023","5","7","","1000","","","","","","177","146","10120","10112","","82","2","2","30","6","","","","","","","","",""
